News Titles,Day,Date,Links
"Chennai

Being ‘homeless’ and getting inked
Liffy Thomas",Sunday, 14th April 2024,https://www.thehindu.com/news/cities/chennai/
"Karnataka

Fearing defeat, BJP denied ticket to Simha
 The Hindu Bureau",Sunday, 14th April 2024,https://www.thehindu.com/news/national/karnataka/
"Tamil Nadu

Governor, T.N. officials pay tributes to Ambedkar on his birth anniversary
 The Hindu Bureau",Sunday, 14th April 2024,https://www.thehindu.com/news/national/tamil-nadu/
"Karnataka

HDD takes potshots at CM, Dy. CM
 
 The Hindu Bureau",Sunday, 14th April 2024,https://www.thehindu.com/news/national/karnataka/
"Karnataka

BSY calls on Prasad
 The Hindu Bureau",Sunday, 14th April 2024,https://www.thehindu.com/news/national/karnataka/
"Karnataka

Will step out of palace to be with people: Yaduveer
 The Hindu Bureau",Sunday, 14th April 2024,https://www.thehindu.com/news/national/karnataka/
"Lok Sabha Elections

Congress announces 10 more candidates for Lok Sabha polls
 PTI",Sunday, 14th April 2024,https://www.thehindu.com/elections/lok-sabha/
"Chennai

Two persons held for attempting to murder medical student near Madras Medical College
 The Hindu Bureau",Sunday, 14th April 2024,https://www.thehindu.com/news/cities/chennai/
"Karnataka

Women’s Commission registers suo motu case against former MLA Sanjay Patil
 The Hindu Bureau",Sunday, 14th April 2024,https://www.thehindu.com/news/national/karnataka/
"Lok Sabha Elections

Lok Sabha polls | Islamic federation from Coimbatore meets CM Stalin, extends solidarity
 The Hindu Bureau",Sunday, 14th April 2024,https://www.thehindu.com/elections/lok-sabha/
"Bengaluru

Beating the heat: Bengaluru witnesses surge in sale of ACs and coolers this summer
 Nikita Maria Jino, Tenzin Yangkey",Sunday, 14th April 2024,https://www.thehindu.com/news/cities/bangalore/
"Lok Sabha Elections

Lok Sabha elections | Able to seek third term because of Ambedkar’s Constitution, says PM Modi
Mehul Malpani",Sunday, 14th April 2024,https://www.thehindu.com/elections/lok-sabha/
"Constituency profile: Udupi-Chikkamagaluru
This part-coastal, part-hilly constituency faces a diverse range of issues
 Anil Kumar Sastry",Sunday, 14th April 2024,
"Lok Sabha Elections

Bengaluru’s metro woes amid Lok Sabha elections: Political parties spar over future course of metro; commuters angry at delay
 The Hindu Bureau",Sunday, 14th April 2024,https://www.thehindu.com/elections/lok-sabha/
"Lok Sabha Elections

Farmers’ distress, Ram Mandir, and caste dynamics take centre stage as Maharashtra braces for Phase 1 showdown
Abhinay Deshpande",Sunday, 14th April 2024,https://www.thehindu.com/elections/lok-sabha/
"Karnataka

BJP will form government in Karnataka soon, says Ramesh Jarkiholi
 The Hindu Bureau",Sunday, 14th April 2024,https://www.thehindu.com/news/national/karnataka/
"Telangana

Was Prabhakar Rao authorised to intercept messages?
Marri Ramu ",Sunday, 14th April 2024,https://www.thehindu.com/news/national/telangana/
"Sport

Indian women add four more medals
Y. B. Sarangi",Sunday, 14th April 2024,https://www.thehindu.com/sport/
"Manipur

Status quo on suspension of operations pact with Kuki-Zo insurgent groups
Vijaita Singh",Sunday, 14th April 2024,https://www.thehindu.com/news/national/manipur/
"Lok Sabha Elections

Sankalpa Patra is the blueprint for Viksit Bharat: Captain Brijesh Chowta
 The Hindu Bureau",Sunday, 14th April 2024,https://www.thehindu.com/elections/lok-sabha/
"Madurai

Elaborate arrangements being made for Chithirai festival
 The Hindu Bureau",Sunday, 14th April 2024,https://www.thehindu.com/news/cities/Madurai/
"Tiruchirapalli

Communists never fought for Tamil people’s rights in Mullaperiyar issue, says Seeman
 The Hindu Bureau",Sunday, 14th April 2024,https://www.thehindu.com/news/cities/Tiruchirapalli/
"Puducherry

Former Puducherry MLA Krishnamurthy dead
 The Hindu Bureau",Sunday, 14th April 2024,https://www.thehindu.com/news/cities/puducherry/
"Football

ISL-10 | Mohun Bagan looks to overcome the odds to win the maiden League Shield
Amitabha Das Sharma",Sunday, 14th April 2024,https://www.thehindu.com/sport/football/
"Coimbatore

AI-based surveillance system to check forest trespassing besides monitoring wild animals in Coimbatore
Wilson Thomas",Sunday, 14th April 2024,https://www.thehindu.com/news/cities/Coimbatore/
"Lok Sabha Elections

BJP manifesto drops NRC, says CAA for ‘eligible persons’
Vijaita Singh",Sunday, 14th April 2024,https://www.thehindu.com/elections/lok-sabha/
"Bengaluru

BWSSB to revive 128-year-old Soladevanahalli pumping station, the first in Bengaluru
 The Hindu Bureau",Sunday, 14th April 2024,https://www.thehindu.com/news/cities/bangalore/
"Lok Sabha Elections

Epicentre of BJP’s South India campaign shifts to Kerala as PM Modi arrives on a two-day electioneering tour
G Anand",Sunday, 14th April 2024,https://www.thehindu.com/elections/lok-sabha/
"Tiruchirapalli

VCK office vandalised in Tiruchi
 The Hindu Bureau",Sunday, 14th April 2024,https://www.thehindu.com/news/cities/Tiruchirapalli/
"Coimbatore

House burgled in Erode
 The Hindu Bureau",Sunday, 14th April 2024,https://www.thehindu.com/news/cities/Coimbatore/
"Lok Sabha Elections

INDIA partners to hold ‘Defeat BJP, Save India’ convention in Mangaluru today
 The Hindu Bureau",Sunday, 14th April 2024,https://www.thehindu.com/elections/lok-sabha/
"Tiruchirapalli

Short film in Tamil made in Perambalur using AI on voter awareness
R Rajaram",Sunday, 14th April 2024,https://www.thehindu.com/news/cities/Tiruchirapalli/
"Hyderabad

Ponnam Prabhakar observes deeksha, flays ‘injustice’ meted out to Telangana under Modi regime
 The Hindu Bureau",Sunday, 14th April 2024,https://www.thehindu.com/news/cities/Hyderabad/
"Tiruchirapalli

This LS election is for overall development of the country, says V.K. Singh
 The Hindu Bureau",Sunday, 14th April 2024,https://www.thehindu.com/news/cities/Tiruchirapalli/
"Sport

Pneuma clinches Equinox Handicap
",Sunday, 14th April 2024,https://www.thehindu.com/sport/
"Andhra Pradesh

Need to empower downtrodden sections, say BC associations
 The Hindu Bureau",Sunday, 14th April 2024,https://www.thehindu.com/news/national/andhra-pradesh/
"Andhra Pradesh

Speedy recovery wishes pour in for A.P. Chief Minister
G.V.R. Subba Rao ",Sunday, 14th April 2024,https://www.thehindu.com/news/national/andhra-pradesh/
"Tiruchirapalli

Election awareness graffiti adorn Cauvery bridge
 The Hindu Bureau",Sunday, 14th April 2024,https://www.thehindu.com/news/cities/Tiruchirapalli/
"Telangana

No mention of BCs in BJP’s manifesto: R. Krishnaiah
 The Hindu Bureau",Sunday, 14th April 2024,https://www.thehindu.com/news/national/telangana/
"Visakhapatnam

Jagan enacted stone-pelting drama to gain sympathy in elections, allege TDP leaders
 The Hindu Bureau",Sunday, 14th April 2024,https://www.thehindu.com/news/cities/Visakhapatnam/
"Chennai

Environmental clean-up, economic fillip, and demand for rail infrastructure dominate voter expectations in Arakkonam
Serena Josephine M.",Sunday, 14th April 2024,https://www.thehindu.com/news/cities/chennai/
"Hyderabad

Hyderabad’s GDP to reach US$ 201.4 billion by 2035, says report
 The Hindu Bureau",Sunday, 14th April 2024,https://www.thehindu.com/news/cities/Hyderabad/
"Coimbatore

Activities continue in Coimbatore to create voter awareness
 The Hindu Bureau",Sunday, 14th April 2024,https://www.thehindu.com/news/cities/Coimbatore/
"Telangana

Man held for posing as cop and promising police jobs to aspirants
 The Hindu Bureau",Sunday, 14th April 2024,https://www.thehindu.com/news/national/telangana/
"Madurai

Mechanised fishing boats to stay away from sea as ban period starts
 The Hindu Bureau",Sunday, 14th April 2024,https://www.thehindu.com/news/cities/Madurai/
"Telangana

Tributes paid to confiscated Amedkar statue
 The Hindu Bureau",Sunday, 14th April 2024,https://www.thehindu.com/news/national/telangana/
"Lok Sabha Elections

Modi accuses INDIA alliance of trying to finish Sanatan dharma
 The Hindu Bureau",Sunday, 14th April 2024,https://www.thehindu.com/elections/lok-sabha/
"Andhra Pradesh

Minister Peddireddi suspects conspiracy behind attack on Jagan
K. Umashanker",Sunday, 14th April 2024,https://www.thehindu.com/news/national/andhra-pradesh/
"Coimbatore

BJP election manifesto akin to empty paper: AIADMK
 The Hindu Bureau",Sunday, 14th April 2024,https://www.thehindu.com/news/cities/Coimbatore/
"Andhra Pradesh

BJP leader calls upon people to realise the ideals espoused by Ambedkar
 The Hindu Bureau",Sunday, 14th April 2024,https://www.thehindu.com/news/national/andhra-pradesh/
"Bengaluru

Sandalwood producer Soundarya Jagadish found dead
 The Hindu Bureau",Sunday, 14th April 2024,https://www.thehindu.com/news/cities/bangalore/
"Telangana

Madiga community backs Telangana CM
 The Hindu Bureau",Sunday, 14th April 2024,https://www.thehindu.com/news/national/telangana/
"Madurai

Voters should decide on pro-poor government or pro-rich government: DMK MP
 The Hindu Bureau",Sunday, 14th April 2024,https://www.thehindu.com/news/cities/Madurai/
"Hyderabad

Minister Sridhar Babu inaugurates medical rehabilitation facility
 The Hindu Bureau",Sunday, 14th April 2024,https://www.thehindu.com/news/cities/Hyderabad/
"Telangana

Congress workers urged to ensure victory of Bhongir MP candidate
 The Hindu Bureau",Sunday, 14th April 2024,https://www.thehindu.com/news/national/telangana/
"Madurai

48 sovereigns, ₹60,000 stolen from locked house in Rajapalayam
 The Hindu Bureau",Sunday, 14th April 2024,https://www.thehindu.com/news/cities/Madurai/
"Andhra Pradesh

Kadapa police develop AI tool to provide easy access to poll-related information
K. Umashanker",Sunday, 14th April 2024,https://www.thehindu.com/news/national/andhra-pradesh/
"Puducherry

No OP services at Jipmer on polling day
 The Hindu Bureau",Sunday, 14th April 2024,https://www.thehindu.com/news/cities/puducherry/
"Karnataka

Various institutions, organisations celebrate Ambedkar Jayanti in a simple manner in Dharwad
 The Hindu Bureau",Sunday, 14th April 2024,https://www.thehindu.com/news/national/karnataka/
"Lok Sabha Elections

Lok Sabha election | Ram temple, dilution of Article 370 done, now UCC and simultaneous polls on BJP’s to-do list
Nistula Hebbar ",Sunday, 14th April 2024,https://www.thehindu.com/elections/lok-sabha/
"Madurai

Modi to address public meeting at Agasthiarpatti on April 15
 The Hindu Bureau",Sunday, 14th April 2024,https://www.thehindu.com/news/cities/Madurai/
"Coimbatore

Teenager murders stepmother over family dispute near Coimbatore
 The Hindu Bureau",Sunday, 14th April 2024,https://www.thehindu.com/news/cities/Coimbatore/
"Manipur

After fresh killings, Kuki-Zo people in Churachandpur, Kangpokpi take to streets
Abhinay Lakshman",Sunday, 14th April 2024,https://www.thehindu.com/news/national/manipur/
"World

Iran-Israel tensions | British jets countered Iranian attack drones
Sriram Lakshman",Sunday, 14th April 2024,https://www.thehindu.com/news/international/
"News

Top news of the day: Air India suspends Tel Aviv flights amid Iran-Israel tensions; PM Modi says Congress disrespected country’s culture by boycotting Ram temple inauguration, and more
 The Hindu Bureau",Sunday, 14th April 2024,https://www.thehindu.com/news/
"Karnataka

Yatnal garlands Ambedkar statue after some tension in Vijayapura
 The Hindu Bureau",Sunday, 14th April 2024,https://www.thehindu.com/news/national/karnataka/
"Andhra Pradesh

Jagan to resume Memantha Siddham yatra at Gandhi Centre in Gannavaram Assembly on Monday
G.V.R. Subba Rao ",Sunday, 14th April 2024,https://www.thehindu.com/news/national/andhra-pradesh/
"Hyderabad

Micro artist expresses his admiration for Dr. Bhimrao Ambedkar through leaf art
P. Sridhar ",Sunday, 14th April 2024,https://www.thehindu.com/news/cities/Hyderabad/
"Puducherry

Coast Guard team rescues fisherman stranded in waters off the Pondy Marina
 The Hindu Bureau",Sunday, 14th April 2024,https://www.thehindu.com/news/cities/puducherry/
"Telangana

Maral’s unconventional journey in motorcycling and fashion 
Lavpreet Kaur",Sunday, 14th April 2024,https://www.thehindu.com/news/national/telangana/
"Madurai

Water level in Mullaperiyar dam stands at 115.25 feet
 The Hindu Bureau",Sunday, 14th April 2024,https://www.thehindu.com/news/cities/Madurai/
"Puducherry

Puducherry Lt. Governor, leaders pay tributes paid to Ambedkar
 The Hindu Bureau",Sunday, 14th April 2024,https://www.thehindu.com/news/cities/puducherry/
"Visakhapatnam

Tributes paid to fallen heroes on National Fire Service Day in Visakhapatnam
 The Hindu Bureau",Sunday, 14th April 2024,https://www.thehindu.com/news/cities/Visakhapatnam/
"Telangana

SCR puts in place 468 drinking water coolers in 170 stations
 The Hindu Bureau",Sunday, 14th April 2024,https://www.thehindu.com/news/national/telangana/
"Cricket

IPL-17: MI vs CSK | Mumbai Indians win toss; elect to bowl against Chennai Super Kings
 The Hindu Bureau",Sunday, 14th April 2024,https://www.thehindu.com/sport/cricket/
"Madurai

Water level in Papanasam dam stands at 61.55 feet
 The Hindu Bureau",Sunday, 14th April 2024,https://www.thehindu.com/news/cities/Madurai/
"Telangana

BJP’s manifesto a ‘post-dated cheque of a failing bank’: Revanth
 The Hindu Bureau",Sunday, 14th April 2024,https://www.thehindu.com/news/national/telangana/
"Karnataka

South Western Railway ramps up efforts to ensure easy access to, availability of drinking water in all its stations
 The Hindu Bureau",Sunday, 14th April 2024,https://www.thehindu.com/news/national/karnataka/
"Andhra Pradesh

Fire mishap at warehouse in Anantapur
 The Hindu Bureau",Sunday, 14th April 2024,https://www.thehindu.com/news/national/andhra-pradesh/
"Coimbatore

Melons, water sprinklers to protect animals at Kurumbapatti zoo in Salem from searing heat
M. Sabari",Sunday, 14th April 2024,https://www.thehindu.com/news/cities/Coimbatore/
"Andhra Pradesh

Police register attempt-to-murder case in stone pelting on A.P. Chief Minister Jagan Mohan Reddy
Rajulapudi Srinivas",Sunday, 14th April 2024,https://www.thehindu.com/news/national/andhra-pradesh/
"Mangaluru

Swacch Mangaluru Abhiyan volunteers clean Kottara Chowki, Kottara areas
 The Hindu Bureau",Sunday, 14th April 2024,https://www.thehindu.com/news/cities/Mangalore/
"Lok Sabha Elections

Candidates in Tiruchi come up with innovative ideas to make an impression on voters
Ancy Donal Madonna",Sunday, 14th April 2024,https://www.thehindu.com/elections/lok-sabha/
"Odisha

Needed urgently: more than just bait and tackle  
Satyasundar Barik",Sunday, 14th April 2024,https://www.thehindu.com/news/national/odisha/
"Visakhapatnam

YSRCP leaders stage protests in Visakhapatnam condemning the attack on Jagan
 The Hindu Bureau",Sunday, 14th April 2024,https://www.thehindu.com/news/cities/Visakhapatnam/
"Mangaluru

Hair salon owner stabbed, accused arrested
 The Hindu Bureau",Sunday, 14th April 2024,https://www.thehindu.com/news/cities/Mangalore/
"Hyderabad

Telangana Governor pays tributes to Ambedkar on his birth anniversary
 The Hindu Bureau",Sunday, 14th April 2024,https://www.thehindu.com/news/cities/Hyderabad/
"Lok Sabha Elections

Apart from health cover for seniors, BJP manifesto offers few giveaways; focus on infrastructure, investment-led job growth
Nistula Hebbar ",Sunday, 14th April 2024,https://www.thehindu.com/elections/lok-sabha/
"Andhra Pradesh

Candidates raise concern over duplicate votes in Tirupati Assembly constituency
A.D. Rangarajan",Sunday, 14th April 2024,https://www.thehindu.com/news/national/andhra-pradesh/
"Assam

AAP will form govt. in Assam in 2026, says Punjab CM Bhagwant Mann
 The Hindu Bureau",Sunday, 14th April 2024,https://www.thehindu.com/news/national/assam/
"Telangana

BJP in Telangana to hold protest to highlight farmers’ woes
 The Hindu Bureau",Sunday, 14th April 2024,https://www.thehindu.com/news/national/telangana/
"Visakhapatnam

Digital platform, Pradhaan, launched in Visakhapatnam to create awareness on importance of voting
 The Hindu Bureau",Sunday, 14th April 2024,https://www.thehindu.com/news/cities/Visakhapatnam/
"Lok Sabha Elections

BJP’s Anil Baluni is banking on religion and development to win in Garhwal (Pauri), Uttarakhand’s largest constituency
Ishita Mishra",Sunday, 14th April 2024,https://www.thehindu.com/elections/lok-sabha/
"Telangana

Jagadgirigutta shop owner arrested with 26 kg ganja chocolates  
 The Hindu Bureau",Sunday, 14th April 2024,https://www.thehindu.com/news/national/telangana/
"Andhra Pradesh

DGP asks police officials to step up security for Andhra Pradesh Chief Minister Y.S. Jagan Mohan Reddy
Rajulapudi Srinivas",Sunday, 14th April 2024,https://www.thehindu.com/news/national/andhra-pradesh/
"Telangana

Former MLA Muthireddy booked in connection with a land dispute
 P. Laxma Reddy",Sunday, 14th April 2024,https://www.thehindu.com/news/national/telangana/
"Visakhapatnam

Ambedkar Jayanti celebrated in city
 The Hindu Bureau",Sunday, 14th April 2024,https://www.thehindu.com/news/cities/Visakhapatnam/
"Tiruchirapalli

Tiruchi Railway Division takes steps to ensure supply of drinking water at stations and on board trains
 The Hindu Bureau",Sunday, 14th April 2024,https://www.thehindu.com/news/cities/Tiruchirapalli/
"TALKING POLITICS WITH NISTULA HEBBAR
Watch | J&K polls 2024 | What is in store after article 370 abrogation?
Nistula Hebbar ",Sunday, 14th April 2024,
"Visakhapatnam

Yelineni Raghava Rao felicitated, book on his life ‘Jeevana Tarangini’ launched
 The Hindu Bureau",Sunday, 14th April 2024,https://www.thehindu.com/news/cities/Visakhapatnam/
"Visakhapatnam

Visakhapatnam Steel Plant observes National Fire Service Day
 The Hindu Bureau",Sunday, 14th April 2024,https://www.thehindu.com/news/cities/Visakhapatnam/
"World

At least 14 dead, two missing as landslides hit Indonesia’s Sulawesi island
 AFP",Sunday, 14th April 2024,https://www.thehindu.com/news/international/
"Telangana

Telangana government initiates corrective measures to put State economy back on track
M. Rajeev",Sunday, 14th April 2024,https://www.thehindu.com/news/national/telangana/
"India

Iran-Israel tension | Air India suspends Tel Aviv flights
 PTI",Sunday, 14th April 2024,https://www.thehindu.com/news/national/
"Andhra Pradesh

Empowerment eludes downtrodden sections even after 75 years of Independence, alleges Samithi
 The Hindu Bureau",Sunday, 14th April 2024,https://www.thehindu.com/news/national/andhra-pradesh/
"Hyderabad

Contaminated water threat flagged at Hyderabad zoo
 The Hindu Bureau",Sunday, 14th April 2024,https://www.thehindu.com/news/cities/Hyderabad/
"Coimbatore

Lok Sabha Polls | Vote for the future of the nation: Coimbatore Additional Collector
 The Hindu Bureau",Sunday, 14th April 2024,https://www.thehindu.com/news/cities/Coimbatore/
"Coimbatore

Third gaur poached for meat in recent months in the Nilgiris
 The Hindu Bureau",Sunday, 14th April 2024,https://www.thehindu.com/news/cities/Coimbatore/
"Movies

Raghava Lawrence announces 25th film ‘Hunter’ alongside Lokesh Kanagaraj-produced ‘Benz’
 The Hindu Bureau",Sunday, 14th April 2024,https://www.thehindu.com/entertainment/movies/
"Sport

Arjun Kadhe and Jeevan Nedunchezhiyan clinch Challenger in Mexico
Sports Bureau",Sunday, 14th April 2024,https://www.thehindu.com/sport/
"Lok Sabha Elections

Modi destroying democracy, no difference between him and Putin: Sharad Pawar
 PTI",Sunday, 14th April 2024,https://www.thehindu.com/elections/lok-sabha/
"Delhi

AAP leader Sanjay Singh meets Kharge, pitches for common minimum programme for INDIA bloc
 PTI",Sunday, 14th April 2024,https://www.thehindu.com/news/cities/Delhi/
"Lok Sabha Elections

PM Modi is cut off from people, their issues: Priyanka Gandhi
 PTI",Sunday, 14th April 2024,https://www.thehindu.com/elections/lok-sabha/
"
premium
Analysis | Three takeaways from Iran’s attack on Israel
Stanly Johny",Sunday, 14th April 2024,/premium/
"Cartoon

On the Draw — April 14, 2024
Mika Aziz",Sunday, 14th April 2024,https://www.thehindu.com/opinion/cartoon/
"Coimbatore

Khamma Naidu Mahajan Sangamam extends support to AIADMK in Coimbatore
 The Hindu Bureau",Sunday, 14th April 2024,https://www.thehindu.com/news/cities/Coimbatore/
"World

Second batch of Indian military personnel leaves Maldives: President Muizzu
 PTI",Sunday, 14th April 2024,https://www.thehindu.com/news/international/
"World

Iran attack on Israel | Iran says retaliation 'concluded', warns Israel not to respond; world urges restraint
 AFP",Sunday, 14th April 2024,https://www.thehindu.com/news/international/
"Cricket

IPL-17: KKR vs LSG | Salt, Narine shine as Kolkata Knight Riders thrash Lucknow Super Giants
 PTI",Sunday, 14th April 2024,https://www.thehindu.com/sport/cricket/
"Lok Sabha Elections

Need a strong government, PM Modi says at BJP manifesto launch
Nistula Hebbar ",Sunday, 14th April 2024,https://www.thehindu.com/elections/lok-sabha/
"India

Indian mission in Israel issues fresh advisory, no country evacuating its nationals so far following Iran salvo
 PTI",Sunday, 14th April 2024,https://www.thehindu.com/news/national/
"Lok Sabha Elections

I am a true Ram Bhakt and have never spoken against Lord Ram, says Jitan Ram Manjhi 
Amit Bhelari",Sunday, 14th April 2024,https://www.thehindu.com/elections/lok-sabha/
"Tamil Nadu

18 persons injured after government bus overturns near Vandavasi
 The Hindu Bureau",Sunday, 14th April 2024,https://www.thehindu.com/news/national/tamil-nadu/
"Cricket

Twenty20 World Cup | I want to be at my best through IPL experience, says Travis Head
 PTI",Sunday, 14th April 2024,https://www.thehindu.com/sport/cricket/
"Cricket

IPL-17: RCB vs SRH | Focus on bowlers as Royal Challengers Bengaluru aim for elusive victory against Sunrisers Hyderabad
 PTI",Sunday, 14th April 2024,https://www.thehindu.com/sport/cricket/
"Lok Sabha elections 2024
Congress always insulted Dr. Babasaheb Ambedkar, we have honoured him: PM Modi
 PTI",Sunday, 14th April 2024,
"Jammu and Kashmir

Annual Amarnath Yatra to begin from June 29
 PTI",Sunday, 14th April 2024,https://www.thehindu.com/news/national/jammu-and-kashmir/
"Tamil Nadu

Cordoning off Ambedkar memorial in Chennai until CM’s visit leads to commotion
Mohamed Imranullah S.",Sunday, 14th April 2024,https://www.thehindu.com/news/national/tamil-nadu/
"Lok Sabha Elections

BJP is perilously intent on dismantling the Constitution: T.N. CM Stalin 
 The Hindu Bureau",Sunday, 14th April 2024,https://www.thehindu.com/elections/lok-sabha/
"Telangana

BRS pays rich tributes to Dr. Ambedkar, cautions people against parties threatening statute
 The Hindu Bureau",Sunday, 14th April 2024,https://www.thehindu.com/news/national/telangana/
"Other Sports

Candidates Chess | Gukesh beats Vidit Gujrathi to regain joint lead
 PTI",Sunday, 14th April 2024,https://www.thehindu.com/sport/other-sports/
"Andhra Pradesh Assembly

Another drama to gain sympathy of people, says ex-Minister Kondru Murali Mohan
 The Hindu Bureau",Sunday, 14th April 2024,https://www.thehindu.com/elections/andhra-pradesh-assembly/
"Lok Sabha Elections

Cash for vote I Tamil Nadu police summon BJP candidate Nainar Nagendran 
S. Vijay Kumar",Sunday, 14th April 2024,https://www.thehindu.com/elections/lok-sabha/
"Lok Sabha Elections

YSRCP alleges involvement of TDP in attack on Jagan
 The Hindu Bureau",Sunday, 14th April 2024,https://www.thehindu.com/elections/lok-sabha/
"Telangana

CM Revanth Reddy says Constitution enabled Telangana formation and hails Dr. Ambedkar on his birth anniversary
R. Ravikanth Reddy",Sunday, 14th April 2024,https://www.thehindu.com/news/national/telangana/
"Andhra Pradesh Assembly

ECI orders probe into alleged attack on Jagan Mohan Reddy
Sambasiva Rao M.",Sunday, 14th April 2024,https://www.thehindu.com/elections/andhra-pradesh-assembly/
"Movies

Nayanthara on board Nivin Pauly-starrer ‘Dear Students’
 PTI",Sunday, 14th April 2024,https://www.thehindu.com/entertainment/movies/
"India

Opposition lost power due to disunity; Congress’ problems need remedying: Amartya Sen
 PTI",Sunday, 14th April 2024,https://www.thehindu.com/news/national/
"Lok Sabha elections 2024
No accountability for old guarantees, just empty jugglery of words: Congress on BJP manifesto
 PTI",Sunday, 14th April 2024,
"Madhya Pradesh

Six-year-old boy who fell into a borewell in Madhya Pradesh dies
 PTI",Sunday, 14th April 2024,https://www.thehindu.com/news/national/madhya-pradesh/
"Movies

‘Ben Z’: Lokesh Kanagaraj to produce Raghava Lawrence’s next
 The Hindu Bureau",Sunday, 14th April 2024,https://www.thehindu.com/entertainment/movies/
"Movies

‘Triangle of Sadness’ director Ruben Östlund suggests cameras should be licensed and regulated like firearms
 The Hindu Bureau",Sunday, 14th April 2024,https://www.thehindu.com/entertainment/movies/
"Science

Entrepreneur and pilot, Gopichand Thotakura is aiming for a place in Indian space history
Jacob Koshy",Sunday, 14th April 2024,https://www.thehindu.com/sci-tech/science/
"World

Sydney stabbing attack | Police in Australia identify attacker who killed six people
 AP",Sunday, 14th April 2024,https://www.thehindu.com/news/international/
"Lok Sabha Elections

BJP’s Lok Sabha poll manifesto highlights: UCC implementation, maintaining peace in Northeast
 PTI",Sunday, 14th April 2024,https://www.thehindu.com/elections/lok-sabha/
"India

Army successfully conducts field trials of anti-tank guided missile system
 PTI",Sunday, 14th April 2024,https://www.thehindu.com/news/national/
"Himachal Pradesh

34 injured in bus accident in Himachal's Hamirpur
 PTI",Sunday, 14th April 2024,https://www.thehindu.com/news/national/himachal-pradesh/
"Movies

‘Civil War’ is A24’s highest opener, beating ‘Hereditary’
 The Hindu Bureau",Sunday, 14th April 2024,https://www.thehindu.com/entertainment/movies/
"Industry

Automobile exports from India dip 5.5% in FY24
 PTI",Sunday, 14th April 2024,https://www.thehindu.com/business/Industry/
"
premium
In Frames | Uncertain times
 Agencies",Sunday, 14th April 2024,/premium/
"India

IAF stepped in to handle air activity at Jamnagar airport during Ambani’s pre-wedding bash
Dinakar Peri",Sunday, 14th April 2024,https://www.thehindu.com/news/national/
"Karnataka

Top news developments in Karnataka on April 14, 2024
Nalme Nachiyar",Sunday, 14th April 2024,https://www.thehindu.com/news/national/karnataka/
"World

Iran-Israel tensions | A look at Israel’s air-defence system that protected it from Iran’s drone and missile strike
 AP",Sunday, 14th April 2024,https://www.thehindu.com/news/international/
"World

Iran-Israel tensions | U.S., U.N. condemn Iran's retaliatory attack on Israel; President Biden to convene G-7 leaders' meeting on response
 Agencies",Sunday, 14th April 2024,https://www.thehindu.com/news/international/
"World

Israel says Iran launched more than 300 drones and missiles, 99% of which were intercepted
 AP",Sunday, 14th April 2024,https://www.thehindu.com/news/international/
"Movies

Shots fired outside Salman Khan’s Mumbai residence just days after Ranbir-Alia’s Eid visit
 The Hindu Bureau",Sunday, 14th April 2024,https://www.thehindu.com/entertainment/movies/
"Features

A matter of taste | All things fruity and boozy
Magandeep Singh",Sunday, 14th April 2024,https://www.thehindu.com/food/features/
"Movies

Salman Khan greeted fans on Eid, days before gunmen fired outside his Mumbai residence
 The Hindu Bureau",Sunday, 14th April 2024,https://www.thehindu.com/entertainment/movies/
"India

Iran-Israel tensions | Seriously concerned over escalating hostilities: India
 PTI",Sunday, 14th April 2024,https://www.thehindu.com/news/national/
"India

President Murmu, PM Modi pay tributes to B.R. Ambedkar on his birth anniversary
 Agencies",Sunday, 14th April 2024,https://www.thehindu.com/news/national/
"
premium
Péter Magyar | The Orbán challenger
 Saumya Kalia",Sunday, 14th April 2024,/premium/
"Lok Sabha Elections

BJP releases manifesto ‘Sankalp Patra’ for Lok Sabha elections 2024
 The Hindu Bureau",Sunday, 14th April 2024,https://www.thehindu.com/elections/lok-sabha/
"Mumbai

Gunshots fired outside Salman Khan’s residence in Mumbai; probe launched
 PTI",Sunday, 14th April 2024,https://www.thehindu.com/news/cities/mumbai/
"Lok Sabha Elections

Lok Sabha polls: Adhir and Ahluwalia face protests during election campaign
Shiv Sahay Singh",Sunday, 14th April 2024,https://www.thehindu.com/elections/lok-sabha/
"India

AI presents both challenges and opportunities for courts, says CJI 
 The Hindu Bureau",Sunday, 14th April 2024,https://www.thehindu.com/news/national/
"Uttar Pradesh

Opposition manipulated with people’s faith, formed ties with criminals: U.P. CM Adityanath 
Mayank Kumar",Sunday, 14th April 2024,https://www.thehindu.com/news/national/uttar-pradesh/
"Karnataka

Origami butterflies for autism awareness crafted in a unique display
 The Hindu Bureau",Sunday, 14th April 2024,https://www.thehindu.com/news/national/karnataka/
"News

Morning Digest | Iran launches drones at Israel as regional crisis escalates; stone hurled at Andhra Pradesh chief minister causes minor injury, and more
 The Hindu Bureau",Sunday, 14th April 2024,https://www.thehindu.com/news/
"Lok Sabha Elections

In Chalakudy, LDF and UDF caution against Modi’s third term; BJP highlights Centre’s ‘achievements’
G. Krishnakumar",Sunday, 14th April 2024,https://www.thehindu.com/elections/lok-sabha/
"Telangana

Manda Krishna Madiga has no right to comment on Congress, says former Minister
 The Hindu Bureau",Sunday, 14th April 2024,https://www.thehindu.com/news/national/telangana/
"Telangana

BJP asks State Government to pay compensation to farmers after EC approval
 The Hindu Bureau",Sunday, 14th April 2024,https://www.thehindu.com/news/national/telangana/
"Delhi

Gender sensitisation key to making DU fest season safe, say women students
Ashna Butani",Sunday, 14th April 2024,https://www.thehindu.com/news/cities/Delhi/
"Tennis

Nadal to make long-awaited ATP return next week in Barcelona
 AFP",Sunday, 14th April 2024,https://www.thehindu.com/sport/tennis/
"Andhra Pradesh Assembly

TDP behind attack on Jagan, allege YSRCP leaders
 The Hindu Bureau",Sunday, 14th April 2024,https://www.thehindu.com/elections/andhra-pradesh-assembly/
"Theatre

How a street play made it to the auditoriums
Prince Frederick",Sunday, 14th April 2024,https://www.thehindu.com/entertainment/theatre/
"Andhra Pradesh

The baby-father ‘cradle bond’ of the Muria tribe
T. Appala Naidu",Sunday, 14th April 2024,https://www.thehindu.com/news/national/andhra-pradesh/
"World
Live
Iran-Israel tensions LIVE updates | Biden tells Netanyahu U.S. would not take part in offensive response against Iran, media reports say
 The Hindu Bureau",Sunday, 14th April 2024,https://www.thehindu.com/news/international/
"Lok Sabha Elections

BJP hopes for a hat-trick in Uttarakhand, but the party has not endeared itself to faujis and farmers
Ishita Mishra",Sunday, 14th April 2024,https://www.thehindu.com/elections/lok-sabha/
"CSK vs MI
IPL 2024 | Matheesha Pathirana could miss MI clash, close to match fitness: CSK coach Fleming
 ANI",Sunday, 14th April 2024,
"
premium
The trend in climate change jurisprudence | Explained
Jacob Koshy",Sunday, 14th April 2024,/premium/
"World

Myanmar’s international borders in control of rebel groups: Leading Myanmarese commentator
Kallol Bhattacherjee",Sunday, 14th April 2024,https://www.thehindu.com/news/international/
"India

Dalkhola, a Bangla oasis for boozers in dry Bihar
Amarnath Tewary",Sunday, 14th April 2024,https://www.thehindu.com/news/national/
"DC vs LSG
IPL 2024 | Rahul, Langer's backing motivated me: LSG batter Badoni
 PTI",Sunday, 14th April 2024,
"Lok Sabha Elections

How did the law on disclosure of assets evolve? | Explained
K. Venkataramanan",Sunday, 14th April 2024,https://www.thehindu.com/elections/lok-sabha/
"Football

ISL | NorthEast United FC end campaign on high note
 PTI",Sunday, 14th April 2024,https://www.thehindu.com/sport/football/
"
premium
Joys and challenges of a joint family
Radhika Chandika",Sunday, 14th April 2024,/premium/
"
premium
Running out of data
K. Harindranathan",Sunday, 14th April 2024,/premium/
"Lok Sabha Elections

Lok Sabha polls | Congress will abolish Agniveer scheme, says Raj Babbar
 The Hindu Bureau",Sunday, 14th April 2024,https://www.thehindu.com/elections/lok-sabha/
"
premium
Soldiering on
George Netto",Sunday, 14th April 2024,/premium/
"
premium
Why is there a WHO alert on viral hepatitis? | Explained
Bindu Shajan Perappadan",Sunday, 14th April 2024,/premium/
"Uttar Pradesh

BJP playing with democratic values, the 2024 election is to save India’s Constitution: Akhilesh
Mayank Kumar",Sunday, 14th April 2024,https://www.thehindu.com/news/national/uttar-pradesh/
"World

Israel closes airspace as Iran launches drones in first-ever full-scale military assault
 AP",Sunday, 14th April 2024,https://www.thehindu.com/news/international/
"
premium
An encounter with an apparition
Buddhadev Nandi",Sunday, 14th April 2024,/premium/
"Manipur

Manipur car bomb blast | NIA files charge sheet against two accused
 PTI",Sunday, 14th April 2024,https://www.thehindu.com/news/national/manipur/
"
premium
Perfectly normal
Saraswathi Narayanan",Sunday, 14th April 2024,/premium/
"Kochi

Optimism over resolution of mass liturgy issue
 The Hindu Bureau",Sunday, 14th April 2024,https://www.thehindu.com/news/cities/Kochi/
"
premium
Message in a meteor
Jayam Anantharaman",Sunday, 14th April 2024,/premium/
"
premium
Kalvakuntla Kavitha | Under the shadow
B. Chandrashekhar",Sunday, 14th April 2024,/premium/
"Football

Bruno Fernandes earns unconvincing Man United draw at Bournemouth
 Reuters",Sunday, 14th April 2024,https://www.thehindu.com/sport/football/
"Football

Haaland scores as Man City routs Luton 5-1 to go top of English Premier League
 AP",Sunday, 14th April 2024,https://www.thehindu.com/sport/football/
